gene_id,sequence
RPL18,MGVDIRHNKDRKVRRKEPKSQDIYLRLLVKLYRFLARRTNSTFNQVVLKRLFMSRTNRPPLSLSRMIRKMKLPGRENKTAVVVGTITDDVRVQEVPKLKVCALRVTSRARSRILRAGGKILTFDQLALDSPKGCGTVLLSGPRKGREVYRHFGKAPGTPHSHTKPYVRSKGRKFERARGRRASRGYKN
RPL36,MALRYPMAVGLNKGHKVTKNVSKPRHSRRRGRLTKHTKFVRDMIREVCGFAPYERRAMELLKVSKDKRALKFIKKRVGTHIRAKRKREELSNVLAAMRKAAAKKD
RPL37A,MAKRTKKVGIVGKYGTRYGASLRKMVKKIEISQHAKYTCSFCGKTKMKRRAVGIWHCGSCMKTVAGGAWTYNTTSAVTVKSAIRRLKELKDQ
RPL18A,MKASGTLREYKVVGRCLPTPKCHTPPLYRMRIFAPNHVVAKSRFWYFVSQLKKMKKSSGEIVYCGQVFEKSPLRVKNFGIWLRYDSRSGTHNMYREYRDLTTAGAVTQCYRDMGARHRARAHSIQIMKVEEIAASKCRRPAVKQFHDSKIKFPLPHRVLRRQHKPRFTTKRPNTFF
RPL22,MAPVKKLVVKGGKKKKQVLKFTLDCTHPVEDGIMDAANFEQFLQERIKVNGKAGNLGGGVVTIERSKSKITVTSEVPFSKRYLKYLTKKYLKKNNLRDWLRVVANSKESYELRYFQINQDEEEEEDED
RPL34,MVQRLTYRRRLSYNTASNKTRLSRTPGNRIVYLYTKKVGKAPKSACGVCPGRLRGVRAVRPKVLMRLSKTKKHVSRAYGGSMCAKCVRDRIKRAFLIEEQKIVVKVLKAQAQSQKAK
RPL5,MGFVKVVKNKAYFKRYQVKFRRRREGKTDYYARKRLVIQDKNKYNTPKYRMIVRVTNRDIICQIAYARIEGDMIVCAAYAHELPKYGVKVGLTNYAAAYCTGLLLARRLLNRFGMDKIYEGQVEVTGDEYNVESIDGQPGAFTCYLDAGLARTTTGNKVFGALKGAVDGGLSIPHSTKRFPGYDSESKEFNAEVHRKHIMGQNVADYMRYLMEEDEDAYKKQFSQYIKNSVTPDMMEEMYKKAHAAIRENPVYEKKPKKEVKKKRWNRPKMSLAQKKDRVAQKKASFLRAQERAAES
RPL32,MAALRPLVKPKIVKKRTKKFIRHQSDRYVKIKRNWRKPRGIDNRVRRRFKGQILMPNIGYGSNKKTKHMLPSGFRKFLVHNVKELEVLLMCNKSYCAEIAHNVSSKNRKAIVERAAQLAIRVTNPNARLRSEENE
RPL39,MSSHKTFRIKRFLAKKQKQNRPIPQWIRMKTGNKIRYNSKRRHWRRTKLGL
RPLP0,MPREDRATWKSNYFLKIIQLLDDYPKCFIVGADNVGSKQMQQIRMSLRGKAVVLMGKNTMMRKAIRGHLENNPALEKLLPHIRGNVGFVFTKEDLTEIRDMLLANKVPAAARAGAIAPCEVTVPAQNTGLGPEKTSFFQALGITTKISRGTIEILSDVQLIKTGDKVGASEATLLNMLNISPFSFGLVIQQVFDNGSIYNPEVLDITEETLHSRFLEGVRNVASVCLQIGYPTVASVPHSIINGYKRVLALSVETDYTFPLAEKVKAFLADPSAFVAAAPVAAATTAAPAAAAAPAKVEAKEESEESDEDMGFGLFD
RPL23A,MAPKAKKEAPAPPKAEAKAKALKAKKAVLKGVHSHKKKKIRTSPTFRRPKTLRLRRQPKYPRKSAPRRNKLDHYAIIKFPLTTESAMKKIEDNNTLVFIVDVKANKHQIKQAVKKLYDIDVAKVNTLIRPDGEKKAYVRLAPDYDALDVANKIGII
RPL13,MAPSRNGMVLKPHFHKDWQRRVATWFNQPARKIRRRKARQAKARRIAPRPASGPIRPIVRCPTVRYHTKVRAGRGFSLEELRVAGIHKKVARTIGISVDPRRRNKSTESLQANVQRLKEYRSKLILFPRKPSAPKKGDSSAEELKLATQLTGPVMPVRNVYKKEKARVITEEEKNFKAFASLRMARANARLFGIRAKRAKEAAEQDVEKKK
RPL38,MPRKIEEIKDFLLTARRKDAKSVKIKKNKDNVKFKVRCSRYLYTLVITDKEKAEKLKQSLPPGLAVKELK
RPL7,MEGVEEKKKEVPAVPETLKKKRRNFAELKIKRLRKKFAQKMLRKARRKLIYEKAKHYHKEYRQMYRTEIRMARMARKAGNFYVPAEPKLAFVIRIRGINGVSPKVRKVLQLLRLRQIFNGTFVKLNKASINMLRIVEPYIAWGYPNLKSVNELIYKRGYGKINKKRIALTDNALIARSLGKYGIICMEDLIHEIYTVGKRFKEANNFLWPFKLSSPRGGMKKKTTHFVEGGDAGNREDQINRLIRRMN
RPL9,MKTILSNQTVDIPENVDITLKGRTVIVKGPRGTLRRDFNHINVELSLLGKKKKRLRVDKWWGNRKELATVRTICSHVQNMIKGVTLGFRYKMRSVYAHFPINVVIQENGSLVEIRNFLGEKYIRRVRMRPGVACSVSQAQKDELILEGNDIELVSNSAALIQQATTVKNKDIRKFLDGIYVSEKGTVQQADE
RPL29,MAKSKNHTTHNQSRKWHRNGIKKPRSQRYESLKGVDPKFLRNMRFAKKHNKKGLKKMQANNAKAMSARAEAIKALVKPKEVKPKIPKGVSRKLDRLAYIAHPKLGKRARARIAKGLRLCRPKAKAKAKAKDQTKAQAAAPASVPAQAPKRTQAPTKASE
RPL26,MKFNPFVTSDRSKNRKRHFNAPSHIRRKIMSSPLSKELRQKYNVRSMPIRKDDEVQVVRGHYKGQQIGKVVQVYRKKYVIYIERVQREKANGTTVHVGIHPSKVVITRLKLDKDRKKILERKAKSRQVGKEKGKYKEETIEKMQE
RPL27A,MPSRLRKTRKLRGHVSHGHGRIGKHRKHPGGRGNAGGLHHHRINFDKYHPGYFGKVGMKHYHLKRNQSFCPTVNLDKLWTLVSEQTRVNAAKNKTGAAPIIDVVRSGYYKVLGKGKLPKQPVIVKAKFFSRRAEEKIKSVGGACVLVA
RPL10,MGRRPARCYRYCKNKPYPKSRFCRGVPDAKIRIFDLGRKKAKVDEFPLCGHMVSDEYEQLSSEALEAARICANKYMVKSCGKDGFHIRVRLHPFHVIRINKMLSCAGADRLQTGMRGAFGKPQGTVARVHIGQVIMSIRTKLQNKEHVIEALRRAKFKFPGRQKIHISKKWGFTKFNADEFEDMVAEKRLIPDGCGVKYIPSRGPLDKWRALHS
RPL30,MVAAKKTKKSLESINSRLQLVMKSGKYVLGYKQTLKMIRQGKAKLVILANNCPALRKSEIEYYAMLAKTGVHHYSGNNIELGTACGKYYRVCTLAIIDPGDSDIIRSMPEQTGEK
RPL11,MAQDQGEKENPMRELRIRKLCLNICVGESGDRLTRAAKVLEQLTGQTPVFSKARYTVRSFGIRRNEKIAVHCTVRGAKAEEILEKGLKVREYELRKNNFSDTGNFGFGIQEHIDLGIKYDPSIGIYGLDFYVVLGRPGFSIADKKRRTGCIGAKHRISKEEAMRWFQQKYDGIILPGK
RPL8,MGRVIRGQRKGAGSVFRAHVKHRKGAARLRAVDFAERHGYIKGIVKDIIHDPGRGAPLAKVVFRDPYRFKKRTELFIAAEGIHTGQFVYCGKKAQLNIGNVLPVGTMPEGTIVCCLEEKPGDRGKLARASGNYATVISHNPETKKTRVKLPSGSKKVISSANRAVVGVVAGGGRIDKPILKAGRAYHKYKAKRNCWPRVRGVAMNPVEHPFGGGNHQHIGKPSTIRRDAPAGRKVGLIAARRTGRLRGTKTVQEKEN
RPL35,MAKIKARDLRGKKKEELLKQLDDLKVELSQLRVAKVTGGAASKLSKIRVVRKSIARVLTVINQTQKENLRKFYKGKKYKPLDLRPKKTRAMRRRLNKHEENLKTKKQQRKERLYPLRKYAVKA
RPL27,MGKFMKPGKVVLVLAGRYSGRKAVIVKNIDDGTSDRPYSHALVAGIDRYPRKVTAAMGKKKIAKRSKIKSFVKVYNYNHLMPTRYSVDIPLDKTVVNKDVFRDPALKRKARREAKVKFEERYKTGKNKWFFQKLRF
RPL35A,MSGRLWSKAIFAGYKRGLRNQREHTALLKIEGVYARDETEFYLGKRCAYVYKAKNNTVTPGGKPNKTRVIWGKVTRAHGNSGMVRAKFRSNLPAKAIGHRIRVMLYPSRI
RPL7A,MPKGKKAKGKKVAPAPAVVKKQEAKKVVNPLFEKRPKNFGIGQDIQPKRDLTRFVKWPRYIRLQRQRAILYKRLKVPPAINQFTQALDRQTATQLLKLAHKYRPETKQEKKQRLLARAEKKAAGKGDVPTKRPPVLRAGVNTVTTLVENKKAQLVVIAHDVDPIELVVFLPALCRKMGVPYCIIKGKARLGRLVHRKTCTTVAFTQVNSEDKGALAKLVEAIRTNYNDRYDEIRRHWGGNVLGPKSVARIAKLEKAKAKELATKLG
RPL36A,MVNVPKTRRTFCKKCGKHQPHKVTQYKKGKDSLYAQGKRRYDRKQSGYGGQTKPIFRKKAKTTKKIVLRLECVEPNCRSKRMLAIKRCKHFELGGDKKRKGQVIQF
RPL23,MSKRGRGGSSGAKFRISLGLPVGAVINCADNTGAKNLYIISVKGIKGRLNRLPAAGVGDMVMATVKKGKPELRKKVHPAVVIRQRKSYRRKDGVFLYFEDNAGVIVNNKGEMKGSAITGPVAKECADLWPRIASNAGSIA
RPL4,MACARPLISVYSEKGESSGKNVTLPAVFKAPIRPDIVNFVHTNLRKNNRQPYAVSELAGHQTSAESWGTGRAVARIPRVRGGGTHRSGQGAFGNMCRGGRMFAPTKTWRRWHRRVNTTQKRYAICSALAASALPALVMSKGHRIEEVPELPLVVEDKVEGYKKTKEAVLLLKKLKAWNDIKKVYASQRMRAGKGKMRNRRRIQRRGPCIIYNEDNGIIKAFRNIPGITLLNVSKLNILKLAPGGHVGRFCIWTESAFRKLDELYGTWRKAASLKSNYNLPMHKMINTDLSRILKSPEIQRALRAPRKKIHRRVLKKNPLKNLRIMLKLNPYAKTMRRNTILRQARNHKLRVDKAAAAAAALQAKSDEKAAVAGKKPVVGKKGKKAAVGVKKQKKPLVGKKAAATKKPAPEKKPAEKKPTTEEKKPAA
RPL24,MKVELCSFSGYKIYPGHGRRYARTDGKVFQFLNAKCESAFLSKRNPRQINWTVLYRRKHKKGQSEEIQKKRTRRAVKFQRAITGASLADIMAKRNQKPEVRKAQREQAIRAAKEAKKAKQASKKTAMAAAKAPTKAAPKQKIVKPVKVSAPRVGGKR
RPL14,MVFRRFVEVGRVAYVSFGPHAGKLVAIVDVIDQNRALVDGPCTQVRRQAMPFKCMQLTDFILKFPHSAHQKYVRQAWQKADINTKWAATRWAKKIEARERKAKMTDFDRFKVMKAKKMRNRIIKNEVKKLQKAALLKASPKKAPGTKGTAAAAAAAAAAKVPAKKITAASKKAPAQKVPAQKATGQKAAPAPKAQKGQKAPAQKAPAPKASGKKA
RPL17,MVRYSLDPENPTKSCKSRGSNLRVHFKNTRETAQAIKGMHIRKATKYLKDVTLQKQCVPFRRYNGGVGRCAQAKQWGWTQGRWPKKSAEFLLHMLKNAESNAELKGLDVDSLVIEHIQVNKAPKMRRRTYRAHGRINPYMSSPCHIEMILTEKEQIVPKPEEEVAQKKKISQKKLKKQKLMARE
RPL28,MSAHLQWMVVRNCSSFLIKRNKQTYSTEPNNLKARNSFRYNGLIHRKTVGVEPAADGKGVVVVIKRRSGQRKPATSYVRTTINKNARATLSSIRHMIRKNKYRPDLRMAAIRRASAILRSQKPVMVKRKRTRPTKSS
RPL6,MAGEKVEKPDTKEKKPEAKKVDAGGKVKKGNLKAKKPKKGKPHCSRNPVLVRGIGRYSRSAMYSRKAMYKRKYSAAKSKVEKKKKEKVLATVTKPVGGDKNGGTRVVKLRKMPRYYPTEDVPRKLLSHGKKPFSQHVRKLRASITPGTILIILTGRHRGKRVVFLKQLASGLLLVTGPLVLNRVPLRRTHQKFVIATSTKIDISNVKIPKHLTDAYFKKKKLRKPRHQEGEIFDTEKEKYEITEQRKIDQKAVDSQILPKIKAIPQLQGYLRSVFALTNGIYPHKLVF
RPL3,MSHRKFSAPRHGSLGFLPRKRSSRHRGKVKSFPKDDPSKPVHLTAFLGYKAGMTHIVREVDRPGSKVNKKEVVEAVTIVETPPMVVVGIVGYVETPRGLRTFKTVFAEHISDECKRRFYKNWHKSKKKAFTKYCKKWQDEDGKKQLEKDFSSMKKYCQVIRVIAHTQMRLLPLRQKKAHLMEIQVNGGTVAEKLDWARERLEQQVPVNQVFGQDEMIDVIGVTKGKGYKGVTSRWHTKKLPRKTHRGLRKVACIGAWHPARVAFSVARAGQKGYHHRTEINKKIYKIGQGYLIKDGKLIKNNASTDYDLSDKSINPLGGFVHYGEVTNDFVMLKGCVVGTKKRVLTLRKSLLVQTKRRALEKIDLKFIDTTSKFGHGRFQTMEEKKAFMGPLKKDRIAKEEGA
RPL31,MAPAKKGGEKKKGRSAINEVVTREYTINIHKRIHGVGFKKRAPRALKEIRKFAMKEMGTPDVRIDTRLNKAVWAKGIRNVPYRIRVRLSRKRNEDEDSPNKLYTLVTYVPVTTFKNLQTVNVDEN
RPL19,MSMLRLQKRLASSVLRCGKKKVWLDPNETNEIANANSRQQIRKLIKDGLIIRKPVTVHSRARCRKNTLARRKGRHMGIGKRKGTANARMPEKVTWMRRMRILRRLLRRYRESKKIDRHMYHSLYLKVKGNVFKNKRILMEHIHKLKADKARKKLLADQAEARRSKTKEARKRREERLQAKKEEIIKTLSKEEETKK
RPL13A,MAEVQVLVLDGRGHLLGRLAAIVAKQVLLGRKVVVVRCEGINISGNFYRNKLKYLAFLRKRMNTNPSRGPYHFRAPSRIFWRTVRGMLPHKTKRGQAALDRLKVFDGIPPPYDKKKRMVVPAALKVVRLKPTRKFAYLGRLAHEVGWKYQAVTATLEEKRKEKAKIHYRKKKQLMRLRKQAEKNVEKKIDKYTEVLKTHGLLV
RPL37,MTKGTSSFGKRRNKTHTLCRRCGSKAYHLQKSTCGKCGYPAKRKRKYNWSAKAKRRNTTGTGRMRHLKIVYRRFRHGFREGTTPKPKRAAVAASSSS
RPL15,MGAYKYIQELWRKKQSDVMRFLLRVRCWQYRQLSALHRAPRPTRPDKARRLGYKAKQGYVIYRIRVRRGGRKRPVPKGATYGKPVHHGVNQLKFARSLQSVAEERAGRHCGALRVLNSYWVGEDSTYKFFEVILIDPFHKAIRRNPDTQWITKPVHKHREMRGLTSAGRKSRGLGKGHKFHHTIGGSRRAAWRRRNTLQLHRYR
RPL21,MTNTKGKRRGTRYMFSRPFRKHGVVPLATYMRIYKKGDIVDIKGMGTVQKGMPHKCYHGKTGRVYNVTQHAVGIVVNKQVKGKILAKRINVRIEHIKHSKSRDSFLKRVKENDQKKKEAKEKGTWVQLKRQPAPPREAHFVRTNGKEPELLEPIPYEFMA
